what,kind,bundleId,bundleVersion,description,time
started,bundle,org.eclipse.core.resources,3.7.101.v20120125-1505,"org.eclipse.core.resources",1364642553020
started,bundle,org.eclipse.debug.core,3.7.1.v20111129-2031,"org.eclipse.debug.core",1364642553020
started,bundle,org.eclipse.equinox.p2.artifact.repository,1.1.101.v20110815-1419,"org.eclipse.equinox.p2.artifact.repository",1364642553020
started,bundle,org.eclipse.equinox.p2.core,2.1.1.v20120113-1346,"org.eclipse.equinox.p2.core",1364642553021
started,bundle,org.eclipse.equinox.p2.director,2.1.1.v20111126-0211,"org.eclipse.equinox.p2.director",1364642553021
started,bundle,org.eclipse.equinox.p2.directorywatcher,1.0.300.v20110815-1419,"org.eclipse.equinox.p2.directorywatcher",1364642553021
started,bundle,org.eclipse.equinox.p2.engine,2.1.1.R37x_v20111003,"org.eclipse.equinox.p2.engine",1364642553021
started,bundle,org.eclipse.equinox.p2.extensionlocation,1.2.100.v20110815-1419,"org.eclipse.equinox.p2.extensionlocation",1364642553021
started,bundle,org.eclipse.equinox.p2.garbagecollector,1.0.200.v20110815-1419,"org.eclipse.equinox.p2.garbagecollector",1364642553021
started,bundle,org.eclipse.equinox.p2.metadata,2.1.0.v20110815-1419,"org.eclipse.equinox.p2.metadata",1364642553022
started,bundle,org.eclipse.equinox.p2.metadata.repository,1.2.0.v20110815-1419,"org.eclipse.equinox.p2.metadata.repository",1364642553022
started,bundle,org.eclipse.equinox.p2.operations,2.1.1.R37x_v20111111,"org.eclipse.equinox.p2.operations",1364642553022
started,bundle,org.eclipse.equinox.p2.publisher,1.2.0.v20110815-1419,"org.eclipse.equinox.p2.publisher",1364642553023
started,bundle,org.eclipse.equinox.p2.publisher.eclipse,1.0.0.v20110815-1438,"org.eclipse.equinox.p2.publisher.eclipse",1364642553023
started,bundle,org.eclipse.equinox.p2.reconciler.dropins,1.1.100.v20110815-1419,"org.eclipse.equinox.p2.reconciler.dropins",1364642553023
started,bundle,org.eclipse.equinox.p2.repository,2.1.1.v20120113-1346,"org.eclipse.equinox.p2.repository",1364642553024
started,bundle,org.eclipse.equinox.p2.touchpoint.eclipse,2.1.1.v20110815-1419,"org.eclipse.equinox.p2.touchpoint.eclipse",1364642553024
started,bundle,org.eclipse.equinox.p2.ui.sdk.scheduler,1.0.100.v20110815-1419,"org.eclipse.equinox.p2.ui.sdk.scheduler",1364642553024
started,bundle,org.eclipse.equinox.p2.updatechecker,1.1.200.v20110815-1419,"org.eclipse.equinox.p2.updatechecker",1364642553024
started,bundle,org.eclipse.equinox.preferences,3.4.2.v20120111-2020,"org.eclipse.equinox.preferences",1364642553024
started,bundle,org.eclipse.jdt.core,3.7.3.v20120119-1537,"org.eclipse.jdt.core",1364642553024
started,bundle,org.eclipse.jdt.core.manipulation,1.4.0.v20110928-1453,"org.eclipse.jdt.core.manipulation",1364642553024
started,bundle,org.eclipse.jdt.ui,3.7.2.v20120109-1427,"org.eclipse.jdt.ui",1364642553024
started,bundle,org.eclipse.jface,3.7.0.v20110928-1505,"org.eclipse.jface",1364642553025
started,bundle,org.eclipse.jst.server.tomcat.core,1.1.301.v20111010_1242,"org.eclipse.jst.server.tomcat.core",1364642553025
started,bundle,org.eclipse.jst.ws.jaxws.utils,1.0.100.v201201031437,"org.eclipse.jst.ws.jaxws.utils",1364642553025
started,bundle,org.eclipse.ltk.core.refactoring,3.5.201.r372_v20111101-0700,"org.eclipse.ltk.core.refactoring",1364642553025
started,bundle,org.eclipse.mylyn.bugzilla.core,3.7.1.v20120425-0100,"org.eclipse.mylyn.bugzilla.core",1364642553025
started,bundle,org.eclipse.mylyn.bugzilla.ui,3.7.1.v20120425-0100,"org.eclipse.mylyn.bugzilla.ui",1364642553025
started,bundle,org.eclipse.mylyn.commons.core,3.7.1.v20120425-0100,"org.eclipse.mylyn.commons.core",1364642553025
started,bundle,org.eclipse.mylyn.commons.net,3.7.1.v20120425-0100,"org.eclipse.mylyn.commons.net",1364642553025
started,bundle,org.eclipse.mylyn.commons.notifications.core,0.9.1.v20120425-0100,"org.eclipse.mylyn.commons.notifications.core",1364642553026
started,bundle,org.eclipse.mylyn.commons.notifications.feed,0.9.1.v20120425-0100,"org.eclipse.mylyn.commons.notifications.feed",1364642553027
started,bundle,org.eclipse.mylyn.commons.ui,3.7.1.v20120425-0100,"org.eclipse.mylyn.commons.ui",1364642553027
started,bundle,org.eclipse.mylyn.commons.workbench,3.7.1.v20120425-0100,"org.eclipse.mylyn.commons.workbench",1364642553027
started,bundle,org.eclipse.mylyn.context.core,3.7.1.v20120425-0100,"org.eclipse.mylyn.context.core",1364642553027
started,bundle,org.eclipse.mylyn.context.tasks.ui,3.7.1.v20120425-0100,"org.eclipse.mylyn.context.tasks.ui",1364642553027
started,bundle,org.eclipse.mylyn.monitor.ui,3.7.1.v20120425-0100,"org.eclipse.mylyn.monitor.ui",1364642553027
started,bundle,org.eclipse.mylyn.tasks.ui,3.7.1.v20120425-0100,"org.eclipse.mylyn.tasks.ui",1364642553027
started,bundle,org.eclipse.mylyn.team.ui,3.7.1.v20120425-0100,"org.eclipse.mylyn.team.ui",1364642553027
started,bundle,org.eclipse.search,3.7.0.v20110928-1504,"org.eclipse.search",1364642553027
started,bundle,org.eclipse.team.cvs.ui,3.3.401.v20120126-1227,"org.eclipse.team.cvs.ui",1364642553027
started,bundle,org.eclipse.team.ui,3.6.101.R37x_v20111109-0800,"org.eclipse.team.ui",1364642553028
started,bundle,org.eclipse.ui,3.7.0.v20110928-1505,"org.eclipse.ui",1364642553028
started,bundle,org.eclipse.ui.console,3.5.100.v20111007_r372,"org.eclipse.ui.console",1364642553028
started,bundle,org.eclipse.ui.editors,3.7.0.v20110928-1504,"org.eclipse.ui.editors",1364642553028
started,bundle,org.eclipse.ui.forms,3.5.101.v20111011-1919,"org.eclipse.ui.forms",1364642553028
started,bundle,org.eclipse.ui.ide,3.7.0.v20110928-1505,"org.eclipse.ui.ide",1364642553028
started,bundle,org.eclipse.ui.navigator,3.5.101.v20120106-1355,"org.eclipse.ui.navigator",1364642553028
started,bundle,org.eclipse.ui.navigator.resources,3.4.300.v20110928-1505,"org.eclipse.ui.navigator.resources",1364642553028
started,bundle,org.eclipse.ui.net,1.2.100.v20111208-1155,"org.eclipse.ui.net",1364642553028
started,bundle,org.eclipse.ui.views,3.6.0.v20110928-1505,"org.eclipse.ui.views",1364642553028
started,bundle,org.eclipse.ui.workbench,3.7.1.v20120104-1859,"org.eclipse.ui.workbench",1364642553028
started,bundle,org.eclipse.ui.workbench.texteditor,3.7.0.v20110928-1504,"org.eclipse.ui.workbench.texteditor",1364642553028
started,bundle,com.android.ide.eclipse.adt,21.1.0.v201302060044-569685,"com.android.ide.eclipse.adt",1364642553028
started,bundle,com.android.ide.eclipse.base,21.1.0.v201302060044-569685,"com.android.ide.eclipse.base",1364642553028
started,bundle,org.eclipse.cdt.core,5.3.2.201202111925,"org.eclipse.cdt.core",1364642553028
started,bundle,org.eclipse.cdt.make.core,7.1.2.201202111925,"org.eclipse.cdt.make.core",1364642553028
started,bundle,org.eclipse.cdt.make.ui,7.1.2.201202111925,"org.eclipse.cdt.make.ui",1364642553028
started,bundle,org.eclipse.cdt.managedbuilder.core,8.0.2.201202111925,"org.eclipse.cdt.managedbuilder.core",1364642553029
started,bundle,org.eclipse.cdt.ui,5.3.2.201202111925,"org.eclipse.cdt.ui",1364642553029
started,bundle,org.jboss.tools.common,3.3.1.v20130102-1651-H83-Final,"org.jboss.tools.common",1364642553029
started,bundle,org.jboss.tools.common.model,3.3.1.v20130102-1651-H83-Final,"org.jboss.tools.common.model",1364642553029
started,bundle,org.jboss.ide.eclipse.as.core,2.3.2.v20130112-0201-H153-Final,"org.jboss.ide.eclipse.as.core",1364642553029
started,bundle,org.jboss.ide.eclipse.as.ui,2.3.2.v20130112-0201-H153-Final,"org.jboss.ide.eclipse.as.ui",1364642553029
started,bundle,org.jboss.tools.usage,1.1.0.v20130102-1715-H74-Final,"org.jboss.tools.usage",1364642553029
os,sysinfo,,,"win32",1364642553032
arch,sysinfo,,,"x86_64",1364642553032
ws,sysinfo,,,"win32",1364642553032
locale,sysinfo,,,"en_US",1364642553032
processors,sysinfo,,,"4",1364642553032
java.runtime.name,sysinfo,,,"Java(TM) SE Runtime Environment",1364642553032
java.runtime.version,sysinfo,,,"1.7.0_15-b03",1364642553032
java.specification.name,sysinfo,,,"Java Platform API Specification",1364642553032
java.specification.vendor,sysinfo,,,"Oracle Corporation",1364642553032
java.specification.version,sysinfo,,,"1.7",1364642553032
java.vendor,sysinfo,,,"Oracle Corporation",1364642553032
java.version,sysinfo,,,"1.7.0_15",1364642553032
java.vm.info,sysinfo,,,"mixed mode",1364642553032
java.vm.name,sysinfo,,,"Java HotSpot(TM) 64-Bit Server VM",1364642553032
java.vm.specification.name,sysinfo,,,"Java Virtual Machine Specification",1364642553032
java.vm.specification.vendor,sysinfo,,,"Oracle Corporation",1364642553032
java.vm.specification.version,sysinfo,,,"1.7",1364642553032
java.vm.vendor,sysinfo,,,"Oracle Corporation",1364642553032
java.vm.version,sysinfo,,,"23.7-b01",1364642553032
started,bundle,org.eclipse.jst.common.project.facet.core,1.4.200.v201103170302,"org.eclipse.jst.common.project.facet.core",1364642556379
started,bundle,org.eclipse.jst.ws.jaxrs.core,1.0.301.v201108240656,"org.eclipse.jst.ws.jaxrs.core",1364642556382
deactivated,workbench,org.eclipse.ui.workbench,3.7.1.v20120104-1859,"",1364642623862
activated,workbench,org.eclipse.ui.workbench,3.7.1.v20120104-1859,"",1364643776105
deactivated,workbench,org.eclipse.ui.workbench,3.7.1.v20120104-1859,"",1364643790663
activated,workbench,org.eclipse.ui.workbench,3.7.1.v20120104-1859,"",1364643795482
started,bundle,org.eclipse.help.base,3.6.2.v201202080800,"org.eclipse.help.base",1364643799206
started,bundle,org.eclipse.help.ui,3.5.101.r37_20110819,"org.eclipse.help.ui",1364643799252
started,bundle,org.eclipse.equinox.http.jetty,2.0.100.v20110502,"org.eclipse.equinox.http.jetty",1364643799496
started,bundle,org.eclipse.equinox.http.servlet,1.1.200.v20110502,"org.eclipse.equinox.http.servlet",1364643799642
started,bundle,org.eclipse.equinox.http.registry,1.1.100.v20110502,"org.eclipse.equinox.http.registry",1364643799811
deactivated,workbench,org.eclipse.ui.workbench,3.7.1.v20120104-1859,"",1364643801676
started,bundle,org.eclipse.equinox.jsp.jasper.registry,1.0.200.v20100503,"org.eclipse.equinox.jsp.jasper.registry",1364643802078
started,bundle,org.eclipse.equinox.jsp.jasper,1.0.300.v20110502,"org.eclipse.equinox.jsp.jasper",1364643802081
started,bundle,org.eclipse.help.webapp,3.6.1.r37_20110929,"org.eclipse.help.webapp",1364643802732
activated,workbench,org.eclipse.ui.workbench,3.7.1.v20120104-1859,"",1364643803467
deactivated,workbench,org.eclipse.ui.workbench,3.7.1.v20120104-1859,"",1364643807333
activated,workbench,org.eclipse.ui.workbench,3.7.1.v20120104-1859,"",1364643811434
activated,view,org.eclipse.ui.navigator.resources,3.4.300.v20110928-1505,"org.eclipse.ui.navigator.ProjectExplorer",1364643814846
activated,view,org.eclipse.ui.navigator.resources,3.4.300.v20110928-1505,"org.eclipse.ui.navigator.ProjectExplorer",1364643814858
closed,view,org.eclipse.ui,3.7.0.v20110928-1505,"org.eclipse.ui.internal.introview",1364643814876
deactivated,workbench,org.eclipse.ui.workbench,3.7.1.v20120104-1859,"",1364643820055
started,bundle,org.eclipse.acceleo.common,3.3.3.201303130933,"org.eclipse.acceleo.common",1364643855467
started,bundle,org.eclipse.acceleo.engine,3.3.3.201303130933,"org.eclipse.acceleo.engine",1364643855472
started,bundle,org.eclipse.acceleo.traceability,3.3.3.201303130933,"org.eclipse.acceleo.traceability",1364643855473
started,bundle,org.eclipse.acceleo.ide.ui,3.3.3.201303130933,"org.eclipse.acceleo.ide.ui",1364643855474
started,bundle,org.eclipse.jdt.launching,3.6.1.v20111006_r372,"org.eclipse.jdt.launching",1364643855613
started,bundle,org.eclipse.emf.ecore.editor,2.7.0.v20120130-0943,"org.eclipse.emf.ecore.editor",1364643855734
started,bundle,org.eclipse.acceleo.parser,3.3.3.201303130933,"org.eclipse.acceleo.parser",1364643855956
started,bundle,org.eclipse.ltk.ui.refactoring,3.6.0.v20110928-1453,"org.eclipse.ltk.ui.refactoring",1364643855987
started,bundle,org.eclipse.ocl,3.1.0.v20120206-0606,"org.eclipse.ocl",1364643855997
started,bundle,org.eclipse.acceleo.model,3.3.3.201303130933,"org.eclipse.acceleo.model",1364643855997
started,bundle,org.eclipse.ocl.ecore,3.1.2.v20111015-2027,"org.eclipse.ocl.ecore",1364643856002
started,bundle,org.eclipse.emf.ecore.edit,2.7.1.v20120130-0943,"org.eclipse.emf.ecore.edit",1364643917369
started,bundle,org.eclipse.datatools.enablement.sybase.asa.models,1.0.0.v201107221507,"org.eclipse.datatools.enablement.sybase.asa.models",1364644046345
started,bundle,org.eclipse.datatools.modelbase.sql,1.0.5.v201110151330,"org.eclipse.datatools.modelbase.sql",1364644046428
started,bundle,org.eclipse.datatools.enablement.sybase.models,1.0.0.v201010140307,"org.eclipse.datatools.enablement.sybase.models",1364644046450
started,bundle,org.eclipse.jst.servlet.ui,1.1.502.v201202011054,"org.eclipse.jst.servlet.ui",1364644049037
started,bundle,org.eclipse.jst.jee.ui,1.0.401.v201202011107,"org.eclipse.jst.jee.ui",1364644049081
started,bundle,org.eclipse.jst.j2ee.ui,1.1.503.v201201190400,"org.eclipse.jst.j2ee.ui",1364644049086
started,bundle,org.eclipse.jst.j2ee.navigator.ui,1.1.501.v201107261503,"org.eclipse.jst.j2ee.navigator.ui",1364644049088
started,bundle,org.eclipse.wst.common.core,1.2.0.v200908252030,"org.eclipse.wst.common.core",1364644049235
started,bundle,org.eclipse.wst.common.modulecore,1.2.103.v201201190400,"org.eclipse.wst.common.modulecore",1364644049243
started,bundle,org.eclipse.jst.j2ee.core,1.2.102.v201202090300,"org.eclipse.jst.j2ee.core",1364644049271
started,bundle,org.eclipse.jem,2.0.501.v201111030500,"org.eclipse.jem",1364644049305
started,bundle,org.eclipse.wst.common.frameworks.ui,1.2.100.v201105122000,"org.eclipse.wst.common.frameworks.ui",1364644049401
started,bundle,org.eclipse.wst.xml.core,1.1.602.v201201091944,"org.eclipse.wst.xml.core",1364644049419
started,bundle,org.eclipse.wst.validation,1.2.303.v201202090300,"org.eclipse.wst.validation",1364644049464
started,bundle,org.eclipse.jst.j2ee,1.1.503.v201202090300,"org.eclipse.jst.j2ee",1364644049629
started,bundle,org.eclipse.core.variables,3.2.500.v20110928-1503,"org.eclipse.core.variables",1364644050915
started,bundle,org.jboss.ide.eclipse.archives.core,3.3.1.v20130102-1730-H94-Final,"org.jboss.ide.eclipse.archives.core",1364644050937
started,bundle,org.jboss.ide.eclipse.archives.ui,3.3.1.v20130102-1730-H94-Final,"org.jboss.ide.eclipse.archives.ui",1364644050939
started,bundle,org.jboss.ide.eclipse.archives.webtools,2.3.2.v20130112-0201-H153-Final,"org.jboss.ide.eclipse.archives.webtools",1364644050999
started,bundle,org.eclipse.pde.core,3.7.1.v20120103_r372,"org.eclipse.pde.core",1364644051317
started,bundle,org.eclipse.pde,3.7.2.v201202080800,"org.eclipse.pde",1364644052252
started,bundle,org.eclipse.equinox.simpleconfigurator.manipulator,2.0.0.v20110815-1438,"org.eclipse.equinox.simpleconfigurator.manipulator",1364644052277
started,bundle,org.eclipse.equinox.frameworkadmin,2.0.0.v20110815-1438,"org.eclipse.equinox.frameworkadmin",1364644052282
started,bundle,org.hibernate.eclipse.jdt.ui,3.5.1.v20130102-1835-H100-Final,"org.hibernate.eclipse.jdt.ui",1364644052363
started,bundle,org.hibernate.eclipse.libs,3.5.1.v20130102-1835-H100-Final,"org.hibernate.eclipse.libs",1364644052705
started,bundle,org.hibernate.eclipse,3.5.1.v20130102-1835-H100-Final,"org.hibernate.eclipse",1364644052909
started,bundle,org.hibernate.eclipse.console,3.5.1.v20130102-1835-H100-Final,"org.hibernate.eclipse.console",1364644053202
started,bundle,org.eclipse.jdt.apt.core,3.3.500.v20110420-1015,"org.eclipse.jdt.apt.core",1364644053235
started,bundle,org.eclipse.jdt.apt.pluggable.core,1.0.400.v20110305-1450,"org.eclipse.jdt.apt.pluggable.core",1364644053259
started,bundle,org.jboss.ide.eclipse.as.wtp.core,2.3.2.v20130112-0201-H153-Final,"org.jboss.ide.eclipse.as.wtp.core",1364644054979
started,bundle,org.jboss.ide.eclipse.as.ui.mbeans,2.3.2.v20130112-0201-H153-Final,"org.jboss.ide.eclipse.as.ui.mbeans",1364644055108
started,bundle,org.eclipse.pde.build,3.7.0.v20111116-2009,"org.eclipse.pde.build",1364644059649
started,bundle,org.eclipse.jst.common.frameworks,1.1.501.v201201190400,"org.eclipse.jst.common.frameworks",1364644062347
activated,workbench,org.eclipse.ui.workbench,3.7.1.v20120104-1859,"",1364644066394
started,bundle,org.eclipse.pde.launching,3.6.0.v20110506,"org.eclipse.pde.launching",1364644066671
started,bundle,org.eclipse.ui.views.log,1.0.200.v20110404,"org.eclipse.ui.views.log",1364644066688
started,bundle,org.eclipse.pde.ui,3.6.100.v20120103_r372,"org.eclipse.pde.ui",1364644066707
opened,view,org.eclipse.jdt.ui,3.7.2.v20120109-1427,"org.eclipse.jdt.ui.PackageExplorer",1364644066772
started,bundle,org.eclipse.acceleo.ui.interpreter,3.3.3.201303130933,"org.eclipse.acceleo.ui.interpreter",1364644066791
opened,view,org.eclipse.acceleo.ui.interpreter,3.3.3.201303130933,"org.eclipse.acceleo.ui.interpreter.view",1364644067417
opened,view,org.eclipse.acceleo.ide.ui,3.3.3.201303130933,"org.eclipse.acceleo.ide.ui.views.result.AcceleoResultView",1364644067717
activated,perspective,org.eclipse.acceleo.ide.ui,3.3.3.201303130933,"org.eclipse.acceleo.ide.ui.AcceleoPerspective",1364644067771
activated,view,org.eclipse.ui.views,3.6.0.v20110928-1505,"org.eclipse.ui.views.ContentOutline",1364644067810
executed,command,org.eclipse.ui,3.7.0.v20110928-1505,"org.eclipse.ui.newWizard",1364644068161
activated,view,org.eclipse.jdt.ui,3.7.2.v20120109-1427,"org.eclipse.jdt.ui.PackageExplorer",1364644070978
started,bundle,org.eclipse.jst.jee,1.0.402.v201202021530,"org.eclipse.jst.jee",1364644078115
started,bundle,org.eclipse.compare.core,3.5.200.I20110208-0800,"org.eclipse.compare.core",1364644080041
opened,editor,org.eclipse.jdt.ui,3.7.2.v20120109-1427,"org.eclipse.jdt.ui.CompilationUnitEditor",1364644080370
activated,editor,org.eclipse.jdt.ui,3.7.2.v20120109-1427,"org.eclipse.jdt.ui.CompilationUnitEditor",1364644080947
started,bundle,org.jboss.tools.jst.jsp,3.3.1.v20130102-1748-H95-Final,"org.jboss.tools.jst.jsp",1364644083475
started,bundle,org.jboss.tools.common.el.core,3.3.1.v20130102-1651-H83-Final,"org.jboss.tools.common.el.core",1364644083492
activated,view,org.eclipse.jdt.ui,3.7.2.v20120109-1427,"org.eclipse.jdt.ui.PackageExplorer",1364644087976
closed,editor,org.eclipse.jdt.ui,3.7.2.v20120109-1427,"org.eclipse.jdt.ui.CompilationUnitEditor",1364644087980
started,bundle,org.eclipse.wst.ws.service.policy.ui,1.0.300.v201108240515,"org.eclipse.wst.ws.service.policy.ui",1364644090200
started,bundle,org.eclipse.wst.ws.service.policy,1.0.303.v201009221810,"org.eclipse.wst.ws.service.policy",1364644090202
started,bundle,org.eclipse.wst.command.env,1.0.409.v201004211805,"org.eclipse.wst.command.env",1364644090266
started,bundle,org.eclipse.wst.ws,1.1.203.v201004211805,"org.eclipse.wst.ws",1364644090267
started,bundle,org.eclipse.compare,3.5.202.R37x_v20111109-0800,"org.eclipse.compare",1364644090962
deactivated,workbench,org.eclipse.ui.workbench,3.7.1.v20120104-1859,"",1364644102342
started,bundle,org.eclipse.emf.codegen.ecore,2.7.0.v20120130-0943,"org.eclipse.emf.codegen.ecore",1364644114153
started,bundle,org.eclipse.emf.codegen,2.6.0.v20120130-0943,"org.eclipse.emf.codegen",1364644114192
started,bundle,org.eclipse.datatools.modelbase.sql.query,1.1.2.v201110151315,"org.eclipse.datatools.modelbase.sql.query",1364644114923
error,log,,,"Unhandled event loop exception",1364644115406
error,log,,,"Unhandled event loop exception",1364644212703
error,log,,,"Unhandled event loop exception",1364644218987
error,log,,,"Unhandled event loop exception",1364644224091
error,log,,,"Unhandled event loop exception",1364644228445
activated,workbench,org.eclipse.ui.workbench,3.7.1.v20120104-1859,"",1364644233054
started,bundle,org.eclipse.debug.ui,3.7.102.v20111129-1423_r372,"org.eclipse.debug.ui",1364644237291
deactivated,workbench,org.eclipse.ui.workbench,3.7.1.v20120104-1859,"",1364644238425
started,bundle,org.eclipse.wst.jsdt.manipulation,1.0.300.v201104272153,"org.eclipse.wst.jsdt.manipulation",1364644241930
started,bundle,org.eclipse.wst.jsdt.core,1.1.102.v201111090634,"org.eclipse.wst.jsdt.core",1364644242417
started,bundle,org.eclipse.wst.jsdt.ui,1.1.102.v201201131900,"org.eclipse.wst.jsdt.ui",1364644242557
activated,workbench,org.eclipse.ui.workbench,3.7.1.v20120104-1859,"",1364644243759
executed,command,org.eclipse.ltk.ui.refactoring,3.6.0.v20110928-1453,"org.eclipse.ltk.ui.refactoring.commands.deleteResources",1364644243821
executed,command,org.eclipse.ui,3.7.0.v20110928-1505,"org.eclipse.ui.edit.delete",1364644243821
deactivated,workbench,org.eclipse.ui.workbench,3.7.1.v20120104-1859,"",1364644248071
activated,workbench,org.eclipse.ui.workbench,3.7.1.v20120104-1859,"",1364644351940
deactivated,workbench,org.eclipse.ui.workbench,3.7.1.v20120104-1859,"",1364644356991
activated,workbench,org.eclipse.ui.workbench,3.7.1.v20120104-1859,"",1364651963570
deactivated,workbench,org.eclipse.ui.workbench,3.7.1.v20120104-1859,"",1364651965795
activated,workbench,org.eclipse.ui.workbench,3.7.1.v20120104-1859,"",1364651967180
closed,workbench,org.eclipse.ui.workbench,3.7.1.v20120104-1859,"",1364651967456
started,bundle,org.jboss.tools.common.projecttemplates,3.3.1.v20130102-1651-H83-Final,"org.jboss.tools.common.projecttemplates",1364651969117
started,bundle,org.jboss.tools.jst.web,3.3.1.v20130102-1748-H95-Final,"org.jboss.tools.jst.web",1364651969118
started,bundle,org.jboss.tools.common.text.ext,3.3.1.v20130102-1651-H83-Final,"org.jboss.tools.common.text.ext",1364651969139
stopped,bundle,org.eclipse.jst.ws.axis.creation.ui,1.0.700.v201104070312,"org.eclipse.jst.ws.axis.creation.ui",1364651969339
stopped,bundle,org.eclipse.jst.ws.axis.consumption.ui,1.0.505.v201004211805,"org.eclipse.jst.ws.axis.consumption.ui",1364651969339
stopped,bundle,org.eclipse.jst.ws.axis.consumption.core,1.0.407.v201104071820,"org.eclipse.jst.ws.axis.consumption.core",1364651969339
stopped,bundle,org.eclipse.jst.ws.axis2.creation.ui,1.0.104.v201004211805,"org.eclipse.jst.ws.axis2.creation.ui",1364651969339
stopped,bundle,org.eclipse.jst.ws.axis2.consumption.ui,1.0.103.v201004211805,"org.eclipse.jst.ws.axis2.consumption.ui",1364651969340
stopped,bundle,org.eclipse.jst.ws.axis2.creation.core,1.0.106.v201004211805,"org.eclipse.jst.ws.axis2.creation.core",1364651969694
stopped,bundle,org.eclipse.jst.ws.axis2.consumption.core,1.0.105.v201004211805,"org.eclipse.jst.ws.axis2.consumption.core",1364651969724
stopped,bundle,org.eclipse.jst.ws.axis2.ui,1.0.303.v201003110431,"org.eclipse.jst.ws.axis2.ui",1364651969724
stopped,bundle,org.eclipse.jst.ws.axis2.core,1.0.204.v201004211805,"org.eclipse.jst.ws.axis2.core",1364651969724
stopped,bundle,org.eclipse.jst.ws.cxf.creation.ui,1.0.100.v201104022153,"org.eclipse.jst.ws.cxf.creation.ui",1364651969724
stopped,bundle,org.eclipse.jst.ws.creation.ui,1.0.609.v201103082016,"org.eclipse.jst.ws.creation.ui",1364651969724
stopped,bundle,org.eclipse.jst.ws.cxf.consumption.ui,1.0.0.v201003222311,"org.eclipse.jst.ws.cxf.consumption.ui",1364651969724
stopped,bundle,org.eclipse.jst.ws.cxf.consumption.core,1.0.0.v201003222311,"org.eclipse.jst.ws.cxf.consumption.core",1364651969724
stopped,bundle,org.eclipse.jst.ws.cxf.creation.core,1.0.100.v201104022153,"org.eclipse.jst.ws.cxf.creation.core",1364651969814
stopped,bundle,org.eclipse.jst.ws.cxf.ui,1.0.0.v201004171919,"org.eclipse.jst.ws.cxf.ui",1364651969814
stopped,bundle,org.eclipse.jst.ws.cxf.core,1.0.100.v201104022153,"org.eclipse.jst.ws.cxf.core",1364651969814
stopped,bundle,org.eclipse.jst.ws.uddiregistry,1.0.500.v201004211805,"org.eclipse.jst.ws.uddiregistry",1364651969814
stopped,bundle,org.eclipse.jst.ws.consumption.ui,1.1.402.v201201250306,"org.eclipse.jst.ws.consumption.ui",1364651969814
stopped,bundle,org.eclipse.jst.ws.ui,1.0.403.v201004211805,"org.eclipse.jst.ws.ui",1364651969814
stopped,bundle,org.eclipse.jst.ws.consumption,1.0.603.v201202012024,"org.eclipse.jst.ws.consumption",1364651969814
activated,perspective,,,"<Acceleo>",1364714526620
started,bundle,org.eclipse.osgi,3.7.2.v20120110-1415,"org.eclipse.osgi",1364714526622
started,bundle,org.eclipse.core.contenttype,3.4.100.v20110423-0524,"org.eclipse.core.contenttype",1364714526623
started,bundle,org.eclipse.core.databinding.observable,1.4.0.I20110222-0800,"org.eclipse.core.databinding.observable",1364714526625
started,bundle,org.eclipse.core.expressions,3.4.300.v20110228,"org.eclipse.core.expressions",1364714526626
started,bundle,org.eclipse.core.net,1.2.100.I20110511-0800,"org.eclipse.core.net",1364714526627
started,bundle,org.eclipse.core.runtime,3.7.0.v20110110,"org.eclipse.core.runtime",1364714526628
started,bundle,org.eclipse.core.runtime.compatibility,3.2.100.v20100505,"org.eclipse.core.runtime.compatibility",1364714526630
started,bundle,org.eclipse.core.runtime.compatibility.auth,3.2.200.v20110110,"org.eclipse.core.runtime.compatibility.auth",1364714526631
started,bundle,org.eclipse.epp.mpc.ui,1.1.1.I20110907-0947,"org.eclipse.epp.mpc.ui",1364714526631
started,bundle,org.eclipse.epp.usagedata.gathering,1.3.1.R201106061540,"org.eclipse.epp.usagedata.gathering",1364714526632
started,bundle,org.eclipse.epp.usagedata.recording,1.3.1.R201106061540,"org.eclipse.epp.usagedata.recording",1364714526633
started,bundle,org.eclipse.equinox.app,1.3.100.v20110321,"org.eclipse.equinox.app",1364714526634
started,bundle,org.eclipse.equinox.common,3.6.0.v20110523,"org.eclipse.equinox.common",1364714526634
started,bundle,org.eclipse.equinox.ds,1.3.1.R37x_v20110701,"org.eclipse.equinox.ds",1364714526635
started,bundle,org.eclipse.equinox.event,1.2.100.v20110502,"org.eclipse.equinox.event",1364714526636
started,bundle,org.eclipse.equinox.registry,3.5.101.R37x_v20110810-1611,"org.eclipse.equinox.registry",1364714526637
started,bundle,org.eclipse.equinox.security,1.1.1.R37x_v20110822-1018,"org.eclipse.equinox.security",1364714526638
started,bundle,org.eclipse.equinox.util,1.0.300.v20110502,"org.eclipse.equinox.util",1364714526638
started,bundle,org.eclipse.help,3.5.100.v20110426,"org.eclipse.help",1364714526639
started,bundle,org.eclipse.jsch.core,1.1.300.I20110514-0800,"org.eclipse.jsch.core",1364714526640
started,bundle,org.eclipse.jst.server.core,1.2.202.v20110419,"org.eclipse.jst.server.core",1364714526640
started,bundle,org.eclipse.pde.launching,3.6.0.v20110506,"org.eclipse.pde.launching",1364714526641
started,bundle,org.eclipse.team.core,3.6.0.I20110525-0800,"org.eclipse.team.core",1364714526642
started,bundle,org.eclipse.team.cvs.core,3.3.400.I20110510-0800,"org.eclipse.team.cvs.core",1364714526643
